prices,address,no_beds,baths,sqft
17000000.0," 1500 N Lake Shore Dr, Chicago, IL 60610 ",6.0,7.0,8000.0
30500.0," 13150 S Eberhart Ave, Riverdale, IL 60827 ",2.0,2.0,753.0
7995000.0," 4130 N Greenview Ave, Chicago, IL 60613 ",7.0,8.0,1100.0
240000.0," 9006 S Throop St, Chicago, IL 60620 ",5.0,2.0,1200.0
335000.0," 645 N Kingsbury St APT 1104, Chicago, IL 60654 ",2.0,2.0,
18750000.0," 3 W Burton Pl, Chicago, IL 60610 ",6.0,1.0,3200.0
379900.0," 5052 N Rutherford Ave, Chicago, IL 60656 ",2.0,2.0,1163.0
479000.0," 2156 N Damen Ave APT 3, Chicago, IL 60647 ",3.0,3.0,1700.0
215000.0," 5415 N Sheridan Rd APT 2111, Chicago, IL 60640 ",2.0,2.0,1250.0
199800.0," 1801 W Touhy Ave UNIT H, Chicago, IL 60626 ",2.0,2.0,1800.0
325000.0," 161 W Harrison St UNIT 607, Chicago, IL 60605 ",2.0,2.0,1360.0
20000.0," 4850 S Lake Park Ave #507-B, Chicago, IL 60615 ",2.0,1.0,1100.0
180000.0," 2921 S Michigan Ave APT 506, Chicago, IL 60616 ",3.0,3.0,1909.0
615000.0," 3811 S Hermitage Ave, Chicago, IL 60609 ",4.0,5.0,4100.0
309900.0," 4633 W Erie St, Chicago, IL 60644 ",5.0,3.0,1912.0
339900.0," 6055 W Barry Ave, Chicago, IL 60634 ",3.0,3.0,1900.0
1499000.0," 4841 N Oakley Ave, Chicago, IL 60625 ",4.0,5.0,4000.0
669000.0," 3424 W Wrightwood Ave, Chicago, IL 60647 ",6.0,2.0,2200.0
495000.0," 1242 N Lake Shore Dr #6N, Chicago, IL 60610 ",2.0,3.0,1855.0
10000.0," 7359 S Emerald Ave, Chicago, IL 60621 ",7.0,4.0,
260000.0," 5120 S Springfield Ave, Chicago, IL 60632 ",4.0,3.0,3780.0
200000.0," 5013 S King Dr UNIT 4, Chicago, IL 60615 ",2.0,2.0,1250.0
250000.0," 1107 W Lawrence Ave APT 201, Chicago, IL 60640 ",2.0,2.0,1350.0
169000.0," 2529 S Troy St, Chicago, IL 60623 ",2.0,2.0,724.0
264900.0," 5130 S Sayre Ave, Chicago, IL 60638 ",3.0,2.0,1023.0
285000.0," 471 N Armour St, Chicago, IL 60642 ",3.0,3.0,2100.0
360000.0," 4616 N Kenmore Ave APT 305, Chicago, IL 60640 ",2.0,2.0,1342.0
159900.0," 8242 S Honore St, Chicago, IL 60620 ",4.0,3.0,3400.0
219000.0," 6804 S Wabash Ave, Chicago, IL 60637 ",4.0,4.0,1900.0
395000.0," 200 N Dearborn St UNIT 4106, Chicago, IL 60601 ",2.0,2.0,1205.0
80000.0," 7000 S Paxton Ave N #2, Chicago, IL 60649 ",3.0,2.0,2000.0
130000.0," 6730 S South Shore Dr APT 1203, Chicago, IL 60649 ",2.0,2.0,1100.0
27000.0," 4800 S Lake Park Ave APT 806, Chicago, IL 60615 ",2.0,1.0,1000.0
409000.0," 6145 N Sheridan Rd APT 29D, Chicago, IL 60660 ",3.0,2.0,1900.0
535770.0," 726 W Garfield Blvd, Chicago, IL 60609 ",1.0,2.0,6627.0
165000.0," 7038 S Wabash Ave, Chicago, IL 60637 ",3.0,2.0,1500.0
599999.0," 5850 S Austin Ave, Chicago, IL 60638 ",3.0,4.0,3030.0
750000.0," 4200 S Ellis Ave, Chicago, IL 60653 ",4.0,4.0,4500.0
597500.0," 1527 W Chestnut St #1, Chicago, IL 60642 ",3.0,3.0,2100.0
350000.0," 155 N Harbor Dr APT 4107, Chicago, IL 60601 ",2.0,2.0,990.0
320000.0," 3849 W 81st Pl, Chicago, IL 60652 ",6.0,7.0,8000.0
129900.0," 6547 S Artesian Ave, Chicago, IL 60629 ",2.0,2.0,753.0
13500000.0," 840 N Lake Shore Dr APT 2601, Chicago, IL 60611 ",7.0,8.0,1100.0
17500.0," 4800 S Lake Park Ave #809, Chicago, IL 60615 ",5.0,2.0,1200.0
725000.0," 1069 W Chestnut St, Chicago, IL 60642 ",2.0,2.0,
835000.0," 1457 N Oakley Blvd, Chicago, IL 60622 ",6.0,1.0,3200.0
13500000.0," 15 W Burton Pl, Chicago, IL 60610 ",2.0,2.0,1163.0
189900.0," 6414 N Hoyne Ave APT 3W, Chicago, IL 60645 ",3.0,3.0,1700.0
529000.0," 1511 N Paulina St #1R, Chicago, IL 60622 ",2.0,2.0,1250.0
299000.0," 5042 W Waveland Ave, Chicago, IL 60641 ",2.0,2.0,1800.0
314500.0," 1000 W Leland Ave APT 5G, Chicago, IL 60640 ",2.0,2.0,1360.0
229900.0," 8411 S Dorchester Ave, Chicago, IL 60619 ",2.0,1.0,1100.0
35000.0," 4836 S Calumet Ave, Chicago, IL 60615 ",3.0,3.0,1909.0
184000.0," 3201 W Leland Ave APT 207, Chicago, IL 60625 ",4.0,5.0,4100.0
200000.0," 3950 N Lake Shore Dr APT 911, Chicago, IL 60613 ",5.0,3.0,1912.0
85000.0," 5534 S Marshfield Ave, Chicago, IL 60636 ",3.0,3.0,1900.0
300000.0," 6704 W 63rd Pl, Chicago, IL 60638 ",4.0,5.0,4000.0
259000.0," 4214 N Mobile Ave, Chicago, IL 60634 ",6.0,2.0,2200.0
359000.0," 4721 S Drexel Blvd #1S, Chicago, IL 60615 ",2.0,3.0,1855.0
35000.0," 2221 E 70th Pl #3C, Chicago, IL 60649 ",7.0,4.0,
259000.0," 1019 W Ainslie St #3, Chicago, IL 60640 ",4.0,3.0,3780.0
299900.0," 3755 N Pine Grove Ave #3, Chicago, IL 60613 ",2.0,2.0,1250.0
299000.0," 1800 W Roscoe St APT 309, Chicago, IL 60657 ",2.0,2.0,1350.0
175000.0," 5927 S Prairie Ave, Chicago, IL 60637 ",2.0,2.0,724.0
159900.0," 2237 S Sawyer Ave, Chicago, IL 60623 ",3.0,2.0,1023.0
979900.0," 3958 S Drexel Ave, Chicago, IL 60653 ",3.0,3.0,2100.0
425000.0," 8215 W Summerdale Ave, Chicago, IL 60656 ",2.0,2.0,1342.0
467400.0," 1345 W Fillmore St APT 1, Chicago, IL 60607 ",4.0,3.0,3400.0
925000.0," 1435 N Fairfield Ave, Chicago, IL 60622 ",4.0,4.0,1900.0
489900.0," 6737 N Hermitage Ave, Chicago, IL 60626 ",2.0,2.0,1205.0
245000.0," 2139 W Gladys Ave #1, Chicago, IL 60612 ",3.0,2.0,2000.0
459000.0," 832 W Barry Ave #2, Chicago, IL 60657 ",2.0,2.0,1100.0
299000.0," 1924 N Lotus Ave, Chicago, IL 60639 ",2.0,1.0,1000.0
45000.0," 4800 S Lake Park Ave #902A, Chicago, IL 60615 ",3.0,2.0,1900.0
285000.0," 345 N Canal St APT 1306, Chicago, IL 60606 ",1.0,2.0,6627.0
274000.0," 860 N Lake Shore Dr #4M, Chicago, IL 60611 ",3.0,2.0,1500.0
249000.0," 5200 S Green St, Chicago, IL 60609 ",3.0,4.0,3030.0
75000.0," 8134 S Essex Ave APT 2-S, Chicago, IL 60617 ",4.0,4.0,4500.0
169000.0," 9132 S Woodlawn Ave, Chicago, IL 60619 ",3.0,3.0,2100.0
4500000.0," 520 N Armour St, Chicago, IL 60642 ",2.0,2.0,990.0
234900.0," 5140 S California Ave, Chicago, IL 60632 ",3.0,3.0,1248.0
374500.0," 3300 N Lake Shore Dr APT 4E, Chicago, IL 60657 ",3.0,3.0,2100.0
364900.0," 1645 W Ogden Ave UNIT 608, Chicago, IL 60612 ",2.0,2.0,
234900.0," 400 E 89th St, Chicago, IL 60619 ",3.0,2.0,1040.0
350000.0," 7609 S Clyde Ave, Chicago, IL 60649 ",4.0,3.0,3445.0
414000.0," 2862 N Woodard St, Chicago, IL 60618 ",3.0,3.0,
217500.0," 9340 S Eggleston Ave, Chicago, IL 60620 ",3.0,2.0,2300.0
210000.0," 5410 W Waveland Ave, Chicago, IL 60641 ",3.0,2.0,1335.0
339900.0," 2911 N Merrimac Ave, Chicago, IL 60634 ",3.0,2.0,2277.0
420000.0," 511 W Division St APT 406, Chicago, IL 60610 ",2.0,2.0,1196.0
375000.0," 2840 N Damen Ave #2, Chicago, IL 60618 ",2.0,2.0,1200.0
250000.0," 6128 S Natchez Ave, Chicago, IL 60638 ",2.0,2.0,
345000.0," 1226 W Huron St APT 102, Chicago, IL 60642 ",3.0,3.0,1300.0
349000.0," 200 N Jefferson St APT 601, Chicago, IL 60661 ",1.0,,
374900.0," 3627 W Lexington St, Chicago, IL 60624 ",9.0,8.0,
399000.0," 1111 S Wabash Ave APT 2309, Chicago, IL 60605 ",2.0,2.0,1438.0
215000.0," 9136 S Michigan Ave, Chicago, IL 60619 ",3.0,2.0,1241.0
389000.0," 11434 S Oakley Ave, Chicago, IL 60643 ",4.0,3.0,2365.0
55000.0," 8847 S Prairie Ave, Chicago, IL 60619 ",3.0,1.0,1040.0
239000.0," 13455 S Green Bay Ave, Chicago, IL 60633 ",4.0,1.0,1296.0
179000.0," 8362 S Keating Ave, Chicago, IL 60652 ",3.0,1.0,1000.0
30000.0," 4280 W Ford City Dr #203, Chicago, IL 60652 ",2.0,2.0,1000.0
450000.0," 2705 W Farwell Ave, Chicago, IL 60645 ",5.0,2.0,2472.0
214900.0," 222 N Columbus Dr APT 407, Chicago, IL 60601 ",1.0,,
324900.0," 837 E 87th St, Chicago, IL 60619 ",4.0,4.0,1655.0
499999.0," 1442 N Kedzie Ave, Chicago, IL 60651 ",8.0,3.0,
129900.0," 1456 N Washtenaw Ave #2, Chicago, IL 60622 ",2.0,1.0,
245000.0," 9852 S Forest Ave, Chicago, IL 60628 ",3.0,2.0,1135.0
595000.0," 4152 W School St, Chicago, IL 60641 ",3.0,4.0,2563.0
219950.0," 2740 N Pine Grove Ave APT 18E, Chicago, IL 60614 ",1.0,,
950000.0," 4730 S Greenwood Ave, Chicago, IL 60615 ",6.0,5.0,3700.0
389900.0," 9323 S Laflin St, Chicago, IL 60620 ",3.0,4.0,2500.0
200000.0," 20 N State St APT 405, Chicago, IL 60602 ",1.0,,
124999.0," 707 W Waveland Ave #1605, Chicago, IL 60613 ",,,
319000.0," 4250 N Marine Dr APT 2416, Chicago, IL 60613 ",2.0,2.0,1450.0
400000.0," 3260 N Clark St APT 208, Chicago, IL 60657 ",2.0,2.0,
150000.0," 4109 S Prairie Ave #GN, Chicago, IL 60653 ",2.0,2.0,1000.0
510000.0," 1523 W Granville Ave, Chicago, IL 60660 ",4.0,2.0,1908.0
500000.0," 5826 N Magnolia Ave, Chicago, IL 60660 ",4.0,3.0,
389000.0," 2440 N Lakeview Ave #7D, Chicago, IL 60614 ",2.0,2.0,1500.0
295000.0," 4424 N Monticello Ave, Chicago, IL 60625 ",3.0,3.0,1248.0
575000.0," 4706 N Malden St, Chicago, IL 60640 ",3.0,3.0,2100.0
800.0," 347 W 101st Pl, Chicago, IL 60628 ",2.0,2.0,
149900.0," 880 N Lake Shore Dr APT 5G, Chicago, IL 60611 ",3.0,2.0,1040.0
389900.0," 3758 N Plainfield Ave, Chicago, IL 60634 ",4.0,3.0,3445.0
294900.0," 1423 N Ashland Ave APT 201, Chicago, IL 60622 ",3.0,3.0,
409000.0," 78 E Elm St APT 1, Chicago, IL 60611 ",3.0,2.0,2300.0
318000.0," 5915 W Dakin St, Chicago, IL 60634 ",3.0,2.0,1335.0
675000.0," 2827 N Lakewood Ave #1, Chicago, IL 60657 ",3.0,2.0,2277.0
415000.0," 4172 W Eddy St, Chicago, IL 60641 ",2.0,2.0,1196.0
300000.0," 222 E Pearson St APT 2109, Chicago, IL 60611 ",2.0,2.0,1200.0
155000.0," 2507 N New England Ave, Chicago, IL 60707 ",2.0,2.0,
80000.0," 6042 S Throop St, Chicago, IL 60636 ",3.0,3.0,1300.0
489000.0," 4101 N Laramie Ave, Chicago, IL 60641 ",1.0,,
80000.0," 1125 N Harding Ave, Chicago, IL 60651 ",9.0,8.0,
450000.0," 708 W Barry Ave APT 1F, Chicago, IL 60657 ",2.0,2.0,1438.0
324500.0," 1000 N Lake Shore Dr APT 509, Chicago, IL 60611 ",3.0,2.0,1241.0
125000.0," 8059 S Kenwood Ave, Chicago, IL 60619 ",4.0,3.0,2365.0
284900.0," 2728 W Cortez St #1, Chicago, IL 60622 ",3.0,1.0,1040.0
159900.0," 9514 S University Ave, Chicago, IL 60628 ",4.0,1.0,1296.0
515000.0," 816 N Wood St #2N, Chicago, IL 60622 ",3.0,1.0,1000.0
339000.0," 3300 W 114th St, Chicago, IL 60655 ",2.0,2.0,1000.0
197000.0," 834 E 89th Pl, Chicago, IL 60619 ",5.0,2.0,2472.0
199900.0," 6148 S Moody Ave, Chicago, IL 60638 ",1.0,,
339900.0," 5063 W Jackson Blvd, Chicago, IL 60644 ",4.0,4.0,1655.0
515000.0," 3618 N Fremont St #3, Chicago, IL 60613 ",8.0,3.0,
879000.0," 3329 W Eastwood Ave, Chicago, IL 60625 ",2.0,1.0,
299500.0," 5490 S South Shore Dr #10N, Chicago, IL 60615 ",3.0,2.0,1135.0
699000.0," 3518 N Reta Ave APT 3, Chicago, IL 60657 ",3.0,4.0,2563.0
319000.0," 2224 W Touhy Ave APT 4E, Chicago, IL 60645 ",1.0,,
320000.0," 3133 W Palmer Blvd APT 3, Chicago, IL 60647 ",6.0,5.0,3700.0
499900.0," 1945 W Evergreen Ave APT 1F, Chicago, IL 60622 ",3.0,4.0,2500.0
260000.0," 4056 N Sacramento Ave APT 1, Chicago, IL 60618 ",1.0,,
399000.0," 1062 W North Shore Ave APT 1E, Chicago, IL 60626 ",,,
29000.0," 4850 S Lake Park Ave APT 2406, Chicago, IL 60615 ",2.0,2.0,1450.0
208125.0," 8212 S Kenwood Ave, Chicago, IL 60619 ",2.0,2.0,
260000.0," 8 W Monroe St APT 1609, Chicago, IL 60603 ",2.0,2.0,1000.0
169900.0," 6260 S Newland Ave #11N, Chicago, IL 60638 ",4.0,2.0,1908.0
269900.0," 10744 S Wood St, Chicago, IL 60643 ",4.0,3.0,
1255000.0," 3044 N Clifton Ave, Chicago, IL 60657 ",2.0,2.0,1500.0
89900.0," 4845 S Prairie Ave #G, Chicago, IL 60615 ",3.0,3.0,1248.0
349000.0," 5552 N Marmora Ave, Chicago, IL 60630 ",3.0,3.0,2100.0
195000.0," 124 W Polk St APT 107, Chicago, IL 60605 ",2.0,2.0,
239900.0," 4750 N Elston Ave APT 203, Chicago, IL 60630 ",3.0,2.0,1040.0
140000.0," 6166 N Sheridan Rd APT 4E, Chicago, IL 60660 ",4.0,3.0,3445.0
99900.0," 8454 S Muskegon Ave, Chicago, IL 60617 ",3.0,3.0,
290000.0," 8524 S Aberdeen St, Chicago, IL 60620 ",3.0,2.0,2300.0
1549000.0," 4939 N Bell Ave, Chicago, IL 60625 ",3.0,2.0,1335.0
209000.0," 607 E 91st Pl, Chicago, IL 60619 ",3.0,2.0,2277.0
375000.0," 1735 N Paulina St APT 515, Chicago, IL 60622 ",2.0,2.0,1196.0
199900.0," 9705 S Carpenter St, Chicago, IL 60643 ",2.0,2.0,1200.0
360000.0," 7631 N Eastlake Ter APT 1A, Chicago, IL 60626 ",2.0,2.0,
286500.0," 4531 S Ellis Ave #2, Chicago, IL 60653 ",3.0,3.0,1300.0
349000.0," 5761 N Oriole Ave, Chicago, IL 60631 ",1.0,,
425000.0," 1409 W Huron St #2, Chicago, IL 60642 ",9.0,8.0,
300000.0," 6111 W Lawrence Ave, Chicago, IL 60630 ",2.0,2.0,1438.0
217000.0," 2809 W Ainslie St #3E, Chicago, IL 60625 ",3.0,2.0,1241.0
30000.0," 4800 S Lake Park Ave APT 1304, Chicago, IL 60615 ",4.0,3.0,2365.0
187000.0," 400 W Ontario St APT 508B, Chicago, IL 60654 ",3.0,1.0,1040.0
35000.0," 38 W 112th Pl, Chicago, IL 60628 ",4.0,1.0,1296.0
510000.0," 435 W Roscoe St, Chicago, IL 60657 ",3.0,1.0,1000.0
189900.0," 4203 S Prairie Ave #1, Chicago, IL 60653 ",2.0,2.0,1000.0
135000.0," 5157 S Emerald Ave, Chicago, IL 60609 ",5.0,2.0,2472.0
318000.0," 535 N Michigan Ave APT 1201, Chicago, IL 60611 ",1.0,,
319900.0," 7637 W Ardmore Ave, Chicago, IL 60631 ",4.0,4.0,1655.0
699000.0," 3926 N Ridgeway Ave, Chicago, IL 60618 ",8.0,3.0,
176500.0," 7141 N Kedzie Ave APT 704, Chicago, IL 60645 ",2.0,1.0,
220000.0," 5801 N Sheridan Rd APT 6B, Chicago, IL 60660 ",3.0,2.0,1135.0
899000.0," 5519 S Natoma Ave, Chicago, IL 60638 ",3.0,4.0,2563.0
759900.0," 942 N Wolcott Ave #3, Chicago, IL 60622 ",1.0,,
230000.0," 8 W Monroe St APT 1100, Chicago, IL 60603 ",6.0,5.0,3700.0
375000.0," 645 N Kingsbury St APT 1001, Chicago, IL 60654 ",3.0,4.0,2500.0
525000.0," 2411 W Walton St APT 3C, Chicago, IL 60622 ",1.0,,
399900.0," 1454 N Milwaukee Ave APT 2N, Chicago, IL 60622 ",,,
449500.0," 3037 N Racine Ave #2, Chicago, IL 60657 ",2.0,2.0,1450.0
223900.0," 4430 N Winchester Ave #G, Chicago, IL 60640 ",2.0,2.0,
105000.0," 9205 S State St, Chicago, IL 60619 ",2.0,2.0,1000.0
800000.0," 1214 N La Salle Dr, Chicago, IL 60610 ",4.0,2.0,1908.0
25000.0," 543 E 92nd St, Chicago, IL 60619 ",4.0,3.0,
614900.0," 2133 N Campbell Ave #1B, Chicago, IL 60647 ",2.0,2.0,1500.0
9900000.0," 159 E Walton Pl APT 31A, Chicago, IL 60611 ",3.0,3.0,1248.0
339000.0," 1711 N Maplewood Ave APT 2F, Chicago, IL 60647 ",3.0,3.0,2100.0
269900.0," 4435 S Oakenwald Ave UNIT 1, Chicago, IL 60653 ",2.0,2.0,
350000.0," 222 N Columbus Dr APT 1603, Chicago, IL 60601 ",3.0,2.0,1040.0
260000.0," 1445 N State Pkwy APT 1705, Chicago, IL 60610 ",4.0,3.0,3445.0
9950000.0," 1521 N State Pkwy, Chicago, IL 60610 ",3.0,3.0,
250000.0," 208 W Washington St APT 1208, Chicago, IL 60606 ",3.0,2.0,2300.0
595000.0," 1755 N Hermitage Ave APT F, Chicago, IL 60622 ",3.0,2.0,1335.0
219900.0," 5000 N Marine Dr #4F, Chicago, IL 60640 ",3.0,2.0,2277.0
339000.0," 3217 W Leland Ave APT 1W, Chicago, IL 60625 ",2.0,2.0,1196.0
510000.0," 1428 W Cortez St #1E, Chicago, IL 60642 ",2.0,2.0,1200.0
510000.0," 2124 W Division St APT 2, Chicago, IL 60622 ",2.0,2.0,
290000.0," 9519 S Prairie Ave, Chicago, IL 60628 ",3.0,3.0,1300.0
349900.0," 1954 W 21st Pl, Chicago, IL 60608 ",1.0,,
399900.0," 3522 N Nordica Ave, Chicago, IL 60634 ",9.0,8.0,
225000.0," 314 N Waller Ave, Chicago, IL 60644 ",3.0,2.0,1241.0
269900.0," 4447 N Malden St APT G, Chicago, IL 60640 ",4.0,3.0,2365.0
175000.0," 2938 W Fillmore St #200, Chicago, IL 60612 ",3.0,1.0,1040.0
232500.0," 900 W Margate Ter #2C, Chicago, IL 60640 ",4.0,1.0,1296.0
149900.0," 4821 N Sawyer Ave #G, Chicago, IL 60625 ",3.0,1.0,1000.0
249000.0," 3963 W Belmont Ave UNIT 518, Chicago, IL 60618 ",2.0,2.0,1000.0
299900.0," 8 W Monroe St APT 1509, Chicago, IL 60603 ",5.0,2.0,2472.0
54900.0," 4281 W 76th St #101, Chicago, IL 60652 ",1.0,,
239900.0," 4834 N Kenmore Ave APT GN, Chicago, IL 60640 ",4.0,4.0,1655.0
499900.0," 1922 N Karlov Ave, Chicago, IL 60639 ",8.0,3.0,
188000.0," 1524 W Fargo Ave #3S, Chicago, IL 60626 ",2.0,1.0,
295000.0," 50 E 26th St APT 406, Chicago, IL 60616 ",3.0,2.0,1135.0
125000.0," 700 W Bittersweet Pl APT 904, Chicago, IL 60613 ",3.0,4.0,2563.0
200000.0," 20 N State St APT 803, Chicago, IL 60602 ",1.0,,
229000.0," 1616 S Kedvale Ave, Chicago, IL 60623 ",6.0,5.0,3700.0
4500000.0," 5026 S Greenwood Ave, Chicago, IL 60615 ",3.0,4.0,2500.0
109900.0," 5717 N Kimball Ave APT 1S, Chicago, IL 60659 ",1.0,,
390000.0," 732 S Financial Pl APT 105, Chicago, IL 60605 ",,,
789000.0," 1741 N Kedzie Ave, Chicago, IL 60647 ",2.0,2.0,1450.0
575000.0," 1334 N Dean St #2, Chicago, IL 60622 ",2.0,2.0,
155000.0," 7928 S Blackstone Ave, Chicago, IL 60619 ",2.0,2.0,1000.0
549000.0," 433 W Briar Pl APT 8C, Chicago, IL 60657 ",4.0,2.0,1908.0
349000.0," 549 W Belden Ave APT 1RE, Chicago, IL 60614 ",4.0,3.0,
659900.0," 4556 N Damen Ave, Chicago, IL 60625 ",2.0,2.0,1500.0
250000.0," 950 W Monroe St UNIT 607, Chicago, IL 60607 ",3.0,3.0,1248.0
894000.0," 1726 W Jarvis Ave, Chicago, IL 60626 ",3.0,3.0,2100.0
272000.0," 6637 S Rhodes Ave, Chicago, IL 60637 ",2.0,2.0,
189000.0," 3032 W North Ave APT G, Chicago, IL 60647 ",3.0,2.0,1040.0
289000.0," 4822 S Dorchester Ave APT 2, Chicago, IL 60615 ",4.0,3.0,3445.0
217000.0," 7739 S Hermitage Ave, Chicago, IL 60620 ",3.0,3.0,
470000.0," 1541 N Talman Ave #1, Chicago, IL 60622 ",3.0,2.0,2300.0
349000.0," 2558 W Haddon Ave #1, Chicago, IL 60622 ",3.0,2.0,1335.0
735000.0," 2245 N Rockwell St #4, Chicago, IL 60647 ",3.0,2.0,2277.0
400000.0," 1110 N Lake Shore Dr APT 31S, Chicago, IL 60611 ",2.0,2.0,1196.0
340000.0," 9707 S Winchester Ave, Chicago, IL 60643 ",2.0,2.0,1200.0
265850.0," 914 W Leland Ave #3W, Chicago, IL 60640 ",2.0,2.0,
329900.0," 235 W Van Buren St UNIT 3403, Chicago, IL 60607 ",3.0,3.0,1300.0
349000.0," 400 N La Salle Dr APT 1707, Chicago, IL 60654 ",1.0,,
32000.0," 9431 S Normal Ave, Chicago, IL 60620 ",9.0,8.0,
595000.0," 680 N Peoria St #D, Chicago, IL 60642 ",2.0,2.0,1438.0
164900.0," 7735 S Calumet Ave, Chicago, IL 60619 ",3.0,2.0,1241.0
769000.0," 5346 N Normandy Ave, Chicago, IL 60656 ",4.0,3.0,2365.0
210000.0," 1443 N Washtenaw Ave APT 2F, Chicago, IL 60622 ",3.0,1.0,1040.0
139950.0," 2800 N Pine Grove Ave UNIT 5J, Chicago, IL 60657 ",4.0,1.0,1296.0
285000.0," 4424 S Indiana Ave APT 3N, Chicago, IL 60653 ",3.0,1.0,1000.0
100000.0," 8835 S Indiana Ave, Chicago, IL 60619 ",2.0,2.0,1000.0
305000.0," 3255 N Greenview Ave APT 2R, Chicago, IL 60657 ",5.0,2.0,2472.0
35000.0," 4800 S Lake Park Ave APT 2412, Chicago, IL 60615 ",1.0,,
1475000.0," 533 N Marshfield Ave, Chicago, IL 60622 ",4.0,4.0,1655.0
245000.0," 8545 S Justine St, Chicago, IL 60620 ",8.0,3.0,
229900.0," 340 W Superior St APT 1006, Chicago, IL 60654 ",2.0,1.0,
229000.0," 2853 W Congress Pkwy, Chicago, IL 60612 ",3.0,2.0,1135.0
288800.0," 4427 N Merrimac Ave, Chicago, IL 60630 ",3.0,4.0,2563.0
374900.0," 5751 N Oriole Ave, Chicago, IL 60631 ",1.0,,
879000.0," 2828 W Lyndale St, Chicago, IL 60647 ",6.0,5.0,3700.0
259900.0," 1371 E 48th St #1W, Chicago, IL 60615 ",3.0,4.0,2500.0
625000.0," 9955 S Seeley Ave, Chicago, IL 60643 ",1.0,,
370000.0," 4003 W Argyle St, Chicago, IL 60630 ",,,
159900.0," 3544 W Cortland St APT BA, Chicago, IL 60647 ",2.0,2.0,1450.0
699000.0," 860 N Lake Shore Dr APT 13K, Chicago, IL 60611 ",2.0,2.0,
519000.0," 4604 N Oakview St, Chicago, IL 60656 ",2.0,2.0,1000.0
550000.0," 2422 W 35th St, Chicago, IL 60632 ",4.0,2.0,1908.0
185000.0," 1238 W Pratt Blvd APT 3C, Chicago, IL 60626 ",4.0,3.0,
359900.0," 6413 S Kenneth Ave, Chicago, IL 60629 ",2.0,2.0,1500.0
305000.0," 8506 S Kedvale Ave, Chicago, IL 60652 ",3.0,3.0,1248.0
279900.0," 4549 S Lawler Ave, Chicago, IL 60638 ",3.0,3.0,2100.0
525000.0," 2906 N Damen Ave #1, Chicago, IL 60618 ",2.0,2.0,
250000.0," 3793 W 78th St, Chicago, IL 60652 ",3.0,2.0,1040.0
299900.0," 3432 W Belden Ave #G, Chicago, IL 60647 ",4.0,3.0,3445.0
270000.0," 6234 S Mayfield Ave, Chicago, IL 60638 ",3.0,3.0,
685000.0," 2227 W Mclean Ave, Chicago, IL 60647 ",3.0,2.0,2300.0
429000.0," 5237 W George St, Chicago, IL 60641 ",3.0,2.0,1335.0
310000.0," 161 N Long Ave, Chicago, IL 60644 ",3.0,2.0,2277.0
2800000.0," 4845 S Ellis Ave, Chicago, IL 60615 ",2.0,2.0,1196.0
169900.0," 5553 S Mozart St, Chicago, IL 60629 ",2.0,2.0,1200.0
129000.0," 5331 S Justine St, Chicago, IL 60609 ",2.0,2.0,
250000.0," 6301 N Sheridan Rd APT 10R, Chicago, IL 60660 ",3.0,3.0,1300.0
250000.0," 4940 S East End Ave APT 2B, Chicago, IL 60615 ",1.0,,
205000.0," 3832 W 77th St, Chicago, IL 60652 ",9.0,8.0,
140000.0," 10730 S Rhodes Ave, Chicago, IL 60628 ",2.0,2.0,1438.0
475000.0," 1801 W Diversey Pkwy UNIT 4, Chicago, IL 60614 ",3.0,2.0,1241.0
299900.0," 330 W Diversey Pkwy APT 1404, Chicago, IL 60657 ",4.0,3.0,2365.0
1244900.0," 420 E North Water St, Chicago, IL 60611 ",3.0,1.0,1040.0
90000.0," 1922 W Hood Ave #5A, Chicago, IL 60660 ",4.0,1.0,1296.0
699900.0," 6709 N Bosworth Ave, Chicago, IL 60626 ",3.0,1.0,1000.0
180000.0," 1136 W Pratt Blvd APT GS, Chicago, IL 60626 ",2.0,2.0,1000.0
474900.0," 2833 N Mozart St, Chicago, IL 60618 ",5.0,2.0,2472.0
679990.0," 5628 N Redwood Dr, Chicago, IL 60631 ",1.0,,
155000.0," 3700 W 86th St, Chicago, IL 60652 ",4.0,4.0,1655.0
379000.0," 921 W Agatite Ave #3, Chicago, IL 60640 ",8.0,3.0,
324900.0," 5061 N Kenmore Ave APT 2, Chicago, IL 60640 ",2.0,1.0,
299000.0," 1148 W Columbia Ave APT 1W, Chicago, IL 60626 ",3.0,2.0,1135.0
208900.0," 1056 N Leavitt St, Chicago, IL 60622 ",3.0,4.0,2563.0
825000.0," 10162 S Longwood Dr, Chicago, IL 60643 ",1.0,,
484900.0," 606 W 48th Pl, Chicago, IL 60609 ",6.0,5.0,3700.0
299900.0," 9436 S Saint Lawrence Ave, Chicago, IL 60619 ",3.0,4.0,2500.0
424900.0," 2658 N Mulligan Ave, Chicago, IL 60639 ",1.0,,
150000.0," 4950 N Kimball Ave APT 2W, Chicago, IL 60625 ",,,
269000.0," 1226 W Sunnyside Ave #1E, Chicago, IL 60640 ",2.0,2.0,1450.0
274900.0," 2904 N Halsted St APT 2, Chicago, IL 60657 ",2.0,2.0,
389000.0," 2421 N Sawyer Ave #3, Chicago, IL 60647 ",2.0,2.0,1000.0
159900.0," 4642 N Albany Ave APT 3E, Chicago, IL 60625 ",4.0,2.0,1908.0
159900.0," 7826 S Indiana Ave, Chicago, IL 60619 ",4.0,3.0,
284900.0," 1221 N Dearborn St PENTHOUSE P9N, Chicago, IL 60610 ",2.0,2.0,1500.0
389000.0," 2124 N Hudson Ave APT 402, Chicago, IL 60614 ",3.0,3.0,1248.0
17500.0," 2954 E 80th Pl, Chicago, IL 60617 ",3.0,3.0,2100.0
160000.0," 836 W Lakeside Pl #G, Chicago, IL 60640 ",2.0,2.0,
179900.0," 6420 S Marshfield Ave, Chicago, IL 60636 ",3.0,2.0,1040.0
260000.0," 3524 W 85th St, Chicago, IL 60652 ",4.0,3.0,3445.0
399000.0," 415 W Aldine Ave APT 5B, Chicago, IL 60657 ",3.0,3.0,
269000.0," 500 S Clinton St APT 442, Chicago, IL 60607 ",3.0,2.0,2300.0
3975000.0," 1622 N Wolcott Ave, Chicago, IL 60622 ",3.0,2.0,1335.0
665000.0," 4448 N Mozart St, Chicago, IL 60625 ",3.0,2.0,2277.0
149000.0," 3950 N Lake Shore Dr APT 1027, Chicago, IL 60613 ",2.0,2.0,1196.0
240000.0," 1415 N Dearborn St APT 8A, Chicago, IL 60610 ",2.0,2.0,1200.0
123500.0," 3200 N Lake Shore Dr APT 409, Chicago, IL 60657 ",2.0,2.0,
139950.0," 2020 N Lincoln Park W APT 2L, Chicago, IL 60614 ",3.0,3.0,1300.0
7500000.0," 1246 N Astor St, Chicago, IL 60610 ",1.0,,
8500000.0," 21 E Huron St APT 4501, Chicago, IL 60611 ",9.0,8.0,
599000.0," 3646 S Emerald Ave, Chicago, IL 60609 ",2.0,2.0,1438.0
435000.0," 2729 N Sheffield Ave APT 3S, Chicago, IL 60614 ",3.0,2.0,1241.0
698500.0," 3817 N Central Park Ave, Chicago, IL 60618 ",4.0,3.0,2365.0
300000.0," 5000 S East End Ave APT 10A, Chicago, IL 60615 ",3.0,1.0,1040.0
465000.0," 5836 S Natoma Ave, Chicago, IL 60638 ",4.0,1.0,1296.0
240000.0," 3900 N Lake Shore Dr APT 3A, Chicago, IL 60613 ",3.0,1.0,1000.0
121999.0," 11640 S Racine Ave, Chicago, IL 60643 ",2.0,2.0,1000.0
215000.0," 2300 W Granville Ave #3, Chicago, IL 60659 ",5.0,2.0,2472.0
179000.0," 1327 W Lunt Ave APT 2B, Chicago, IL 60626 ",1.0,,
170000.0," 9047 S Marshfield Ave, Chicago, IL 60620 ",4.0,4.0,1655.0
127900.0," 128 W 127th St, Chicago, IL 60628 ",8.0,3.0,
499000.0," 3636 W Dickens Ave, Chicago, IL 60647 ",2.0,1.0,
329000.0," 6357 S Oak Park Ave, Chicago, IL 60638 ",3.0,2.0,1135.0
390000.0," 1040 W Adams St UNIT 122, Chicago, IL 60607 ",3.0,4.0,2563.0
299900.0," 7622 S Saint Lawrence Ave, Chicago, IL 60619 ",1.0,,
650000.0," 4912 S Michigan Ave, Chicago, IL 60615 ",6.0,5.0,3700.0
107000.0," 3847 W 47th St APT 1F, Chicago, IL 60632 ",3.0,4.0,2500.0
1524000.0," 1654 W Carmen Ave, Chicago, IL 60640 ",1.0,,
39900.0," 6945 S Hermitage Ave, Chicago, IL 60636 ",,,
155000.0," 2458 W Estes Ave #3, Chicago, IL 60645 ",2.0,2.0,1450.0
165000.0," 2833 S Quinn St, Chicago, IL 60608 ",2.0,2.0,
110000.0," 6345 S Greenwood Ave APT 3, Chicago, IL 60637 ",2.0,2.0,1000.0
8000000.0," 159 E Walton St #33A, Chicago, IL 60611 ",4.0,2.0,1908.0
34900.0," 4280 W Ford City Dr #302, Chicago, IL 60652 ",4.0,3.0,
725000.0," 448 N Carpenter St #D, Chicago, IL 60642 ",2.0,2.0,1500.0
150000.0," 1049 S Mayfield Ave, Chicago, IL 60644 ",3.0,3.0,1248.0
226900.0," 1713 W North Ave UNIT 1R, Chicago, IL 60622 ",3.0,3.0,2100.0
305000.0," 3427 W Beach Ave, Chicago, IL 60651 ",2.0,2.0,
30000.0," 605 N Laramie Ave, Chicago, IL 60644 ",3.0,2.0,1040.0
2500000.0," 65 E Bellevue Pl, Chicago, IL 60611 ",4.0,3.0,3445.0
350000.0," 1621 S Halsted St APT 602, Chicago, IL 60608 ",3.0,3.0,
275000.0," 444 W Fullerton Pkwy APT 1203, Chicago, IL 60614 ",3.0,2.0,2300.0
34900.0," 10634 S State St, Chicago, IL 60628 ",3.0,2.0,1335.0
299900.0," 4300 W Cullerton St, Chicago, IL 60623 ",3.0,2.0,2277.0
559900.0," 17 N Loomis St APT 3C, Chicago, IL 60607 ",2.0,2.0,1196.0
6550000.0," 451 E Grand Ave #5909, Chicago, IL 60611 ",2.0,2.0,1200.0
500000.0," 2919 N Pine Grove Ave APT 3, Chicago, IL 60657 ",2.0,2.0,
265000.0," 5335 S Harper Ave #3, Chicago, IL 60615 ",3.0,3.0,1300.0
143000.0," 11600 S Racine Ave, Chicago, IL 60643 ",1.0,,
275000.0," 1224 W Van Buren St APT 210, Chicago, IL 60607 ",9.0,8.0,
650000.0," 2233 W Lyndale St #B, Chicago, IL 60647 ",2.0,2.0,1438.0
150000.0," 3831 W Arthington St, Chicago, IL 60624 ",3.0,2.0,1241.0
249900.0," 5 N Wabash Ave APT 1604, Chicago, IL 60602 ",4.0,3.0,2365.0
345000.0," 5000 S East End Ave APT 17C, Chicago, IL 60615 ",3.0,1.0,1040.0
370000.0," 330 W Diversey Pkwy APT 502, Chicago, IL 60657 ",4.0,1.0,1296.0
325000.0," 33 E Cedar St UNIT 19AB, Chicago, IL 60611 ",3.0,1.0,1000.0
299500.0," 1209 N State Pkwy APT 6, Chicago, IL 60610 ",2.0,2.0,1000.0
20000.0," 4850 S Lake Park Ave #2307B, Chicago, IL 60615 ",5.0,2.0,2472.0
295000.0," 3233 W 66th St, Chicago, IL 60629 ",1.0,,
4350000.0," 1928 N Cleveland Ave, Chicago, IL 60614 ",4.0,4.0,1655.0
219000.0," 7537 N Ridge Blvd UNIT 7, Chicago, IL 60645 ",8.0,3.0,
199000.0," 811 W Eastwood Ave APT 505, Chicago, IL 60640 ",2.0,1.0,
649900.0," 1513 N Clybourn Ave #E, Chicago, IL 60610 ",3.0,2.0,1135.0
769000.0," 450 W Oak St, Chicago, IL 60610 ",3.0,4.0,2563.0
399999.0," 701 S Wells St APT 2601, Chicago, IL 60607 ",1.0,,
250000.0," 7730 N Eastlake Ter APT 1, Chicago, IL 60626 ",6.0,5.0,3700.0
199900.0," 4043 S Drexel Blvd APT 202, Chicago, IL 60653 ",3.0,4.0,2500.0
242000.0," 3845 W Altgeld St APT 3, Chicago, IL 60647 ",1.0,,
39000.0," 6019 S Hermitage Ave, Chicago, IL 60636 ",,,
78800.0," 5202 W Schubert Ave #3, Chicago, IL 60639 ",2.0,2.0,1450.0
359900.0," 1720 N Mozart St, Chicago, IL 60647 ",2.0,2.0,
99900.0," 10344 S Springfield Ave, Chicago, IL 60655 ",2.0,2.0,1000.0
115000.0," 7839 S Spaulding Ave, Chicago, IL 60652 ",4.0,2.0,1908.0
450000.0," 400 E Randolph St APT 2829, Chicago, IL 60601 ",4.0,3.0,
475000.0," 1201 W Adams St APT 805, Chicago, IL 60607 ",2.0,2.0,1500.0
259000.0," 208 W Washington St APT 1113, Chicago, IL 60606 ",2.0,2.0,1150.0
4199999.0," 130 N Garland Ct APT 5702, Chicago, IL 60602 ",4.0,4.0,5250.0
434900.0," 5028 W Eddy St, Chicago, IL 60641 ",4.0,3.0,1714.0
660000.0," 645 W Wrightwood Ave #1A, Chicago, IL 60614 ",3.0,2.0,1900.0
249000.0," 5723 W Windsor Ave, Chicago, IL 60630 ",3.0,2.0,
339000.0," 5200 S Dorchester Ave APT 1, Chicago, IL 60615 ",3.0,2.0,1700.0
625000.0," 1510 W Cortez St #2E, Chicago, IL 60642 ",3.0,2.0,
116000.0," 1942 S Hamlin Ave, Chicago, IL 60623 ",3.0,2.0,1044.0
6200000.0," 451 E Grand Ave APT 6011, Chicago, IL 60611 ",3.0,4.0,4798.0
270000.0," 2450 N Seminary Ave #4A, Chicago, IL 60614 ",1.0,,
167500.0," 535 N Michigan Ave APT 605, Chicago, IL 60611 ",1.0,,
388000.0," 2021 W Armitage Ave #2, Chicago, IL 60647 ",2.0,2.0,1200.0
680000.0," 732 N Willard Ct, Chicago, IL 60642 ",3.0,3.0,2260.0
189900.0," 1756 N Kedzie Ave APT E, Chicago, IL 60647 ",4.0,3.0,2600.0
129000.0," 4219 N Lockwood Ave #4, Chicago, IL 60641 ",1.0,,
154000.0," 10354 S Walden Pkwy, Chicago, IL 60643 ",3.0,2.0,1418.0
255000.0," 1610 S Halsted St UNIT 406, Chicago, IL 60608 ",1.0,,
479000.0," 5934 W Fitch Ave, Chicago, IL 60646 ",3.0,2.0,1494.0
387000.0," 1354 N Ada St UNIT 3, Chicago, IL 60642 ",2.0,2.0,
157000.0," 5000 S Cornell Ave APT 15D, Chicago, IL 60615 ",2.0,2.0,1400.0
550000.0," 82 E Elm St APT 2, Chicago, IL 60611 ",2.0,2.0,1500.0
29000.0," 231 W 107th St, Chicago, IL 60628 ",3.0,1.0,1000.0
334900.0," 2555 W 109th Pl, Chicago, IL 60655 ",3.0,3.0,2186.0
379950.0," 1735 W Diversey Pkwy APT 308, Chicago, IL 60614 ",2.0,2.0,
1395000.0," 333 N Canal St APT 2501, Chicago, IL 60606 ",3.0,3.0,2855.0
1089000.0," 2037 W Cuyler Ave, Chicago, IL 60618 ",3.0,4.0,
290000.0," 1440 W Roscoe St #1, Chicago, IL 60657 ",2.0,2.0,
630000.0," 3340 N Sheffield Ave APT 4, Chicago, IL 60657 ",2.0,2.0,
649900.0," 1040 N Kingsbury St, Chicago, IL 60610 ",3.0,3.0,2100.0
719000.0," 3155 N Honore St, Chicago, IL 60657 ",3.0,3.0,2300.0
120000.0," 5318 W Bloomingdale Ave, Chicago, IL 60639 ",3.0,2.0,1150.0
245000.0," 546 E 46th St #2W, Chicago, IL 60653 ",4.0,2.0,1500.0
329900.0," 1719 N Melvina Ave, Chicago, IL 60639 ",5.0,2.0,2043.0
399000.0," 519 W Surf St #1, Chicago, IL 60657 ",3.0,2.0,1583.0
299900.0," 2419 S Springfield Ave, Chicago, IL 60623 ",7.0,3.0,
550000.0," 900 N Kingsbury St APT 701, Chicago, IL 60610 ",2.0,2.0,1550.0
500000.0," 400 W Ontario St APT 701, Chicago, IL 60654 ",2.0,2.0,1550.0
279900.0," 3926 W 104th St, Chicago, IL 60655 ",3.0,2.0,1740.0
339900.0," 6 E Monroe St APT 1603, Chicago, IL 60603 ",2.0,3.0,1600.0
185000.0," 3950 N Lake Shore Dr APT 228, Chicago, IL 60613 ",3.0,2.0,1350.0
209900.0," 2723 W 38th Pl, Chicago, IL 60632 ",3.0,2.0,874.0
6280000.0," 2902 N Burling St, Chicago, IL 60657 ",6.0,8.0,1050.0
7875000.0," 1449 N Astor St, Chicago, IL 60610 ",6.0,1.0,100.0
624900.0," 1351 S Indiana Pkwy, Chicago, IL 60605 ",3.0,3.0,2000.0
3995000.0," 1010 W George St, Chicago, IL 60657 ",5.0,6.0,8400.0
227500.0," 200 N Dearborn St UNIT 3805, Chicago, IL 60601 ",1.0,,
289000.0," 3350 N Oketo Ave, Chicago, IL 60634 ",3.0,2.0,1140.0
139500.0," 6157 N Sheridan Rd APT 16J, Chicago, IL 60660 ",1.0,,
169000.0," 1516 S Wabash Ave #308, Chicago, IL 60605 ",1.0,,
279000.0," 5217 N Elston Ave #3, Chicago, IL 60630 ",4.0,2.0,2000.0
10500000.0," 1336 N State Pkwy, Chicago, IL 60610 ",5.0,9.0,9000.0
104000.0," 5319 N Nagle Ave, Chicago, IL 60630 ",2.0,1.0,810.0
950000.0," 4122 N Kenneth Ave, Chicago, IL 60641 ",5.0,4.0,3410.0
142500.0," 3606 W Dickens Ave #2, Chicago, IL 60647 ",2.0,1.0,
178000.0," 8619 W Foster Ave UNIT 1A, Chicago, IL 60656 ",4.0,2.0,1100.0
324000.0," 222 N Columbus Dr APT 904, Chicago, IL 60601 ",2.0,2.0,1225.0
749900.0," 1033 N Riverwalk St, Chicago, IL 60610 ",3.0,3.0,2200.0
148000.0," 233 E Erie St APT 2003, Chicago, IL 60611 ",1.0,,
1050000.0," 2020 W Armitage Ave #3E, Chicago, IL 60647 ",3.0,3.0,
515000.0," 1519 W Fry St #3, Chicago, IL 60642 ",2.0,2.0,1405.0
179900.0," 8118 S Laflin St, Chicago, IL 60620 ",3.0,2.0,2400.0
349900.0," 1211 N Lasalle St APT 1502, Chicago, IL 60610 ",2.0,2.0,1180.0
775000.0," 1104 N Marshfield Ave #1, Chicago, IL 60622 ",3.0,3.0,2500.0
1250000.0," 552 W Arlington Pl, Chicago, IL 60614 ",3.0,4.0,4000.0
244000.0," 4851 N Wolcott Ave APT 2E, Chicago, IL 60640 ",2.0,1.0,
250000.0," 1720 S Michigan Ave APT 1411, Chicago, IL 60616 ",2.0,1.0,
39900.0," 6737 S Champlain Ave, Chicago, IL 60637 ",2.0,3.0,
300000.0," 6338 W Eddy St, Chicago, IL 60634 ",3.0,2.0,1842.0
335000.0," 900 N Lake Shore Dr APT 1602, Chicago, IL 60611 ",2.0,2.0,1200.0
260000.0," 10540 S Leavitt St, Chicago, IL 60643 ",2.0,1.0,1250.0
279000.0," 3912 N Harlem Ave, Chicago, IL 60634 ",4.0,2.0,1660.0
279900.0," 1211 N Honore St #B, Chicago, IL 60622 ",2.0,2.0,1300.0
249600.0," 21 W Goethe St APT 5F, Chicago, IL 60610 ",2.0,1.0,1000.0
210000.0," 7958 S Sangamon St, Chicago, IL 60620 ",3.0,3.0,1932.0
729000.0," 1120 N Lake Shore Dr #7B, Chicago, IL 60611 ",3.0,3.0,2200.0
225000.0," 124 W Polk St APT 605, Chicago, IL 60605 ",1.0,,
234500.0," 8346 S Muskegon Ave, Chicago, IL 60617 ",6.0,2.0,
414555.0," 1508 W Highland Ave, Chicago, IL 60660 ",3.0,1.0,1900.0
374900.0," 5038 S Drexel Blvd UNIT 3S, Chicago, IL 60615 ",4.0,3.0,2300.0
183000.0," 222 E Pearson St APT 805, Chicago, IL 60611 ",1.0,,
183000.0," 222 E Pearson St APT 805, Chicago, IL 60611 ",1.0,,
299900.0," 5142 S Wabash Ave #2, Chicago, IL 60615 ",3.0,2.0,1800.0
235000.0," 7753 S Cornell Ave, Chicago, IL 60649 ",4.0,3.0,
787000.0," 4733 N Winthrop Ave, Chicago, IL 60640 ",5.0,4.0,3700.0
225000.0," 4706 N Avers Ave, Chicago, IL 60625 ",5.0,,312.0
299995.0," 5135 W Potomac Ave, Chicago, IL 60651 ",3.0,2.0,
315000.0," 1534 W Jonquil Ter, Chicago, IL 60626 ",3.0,2.0,1400.0
259900.0," 7314 N Ridge Blvd UNIT 2A, Chicago, IL 60645 ",3.0,2.0,1660.0
549900.0," 5451 W Schubert Ave, Chicago, IL 60639 ",9.0,5.0,
155000.0," 4432 S Prairie Ave #1, Chicago, IL 60653 ",3.0,2.0,1400.0
599900.0," 1432 W Erie St APT 3R, Chicago, IL 60642 ",3.0,3.0,2030.0
499999.0," 3244 W Diversey Ave, Chicago, IL 60647 ",5.0,3.0,
279900.0," 8145 S Kildare Ave, Chicago, IL 60652 ",3.0,2.0,2025.0
269000.0," 6312 W Melrose St, Chicago, IL 60634 ",3.0,2.0,
74000.0," 2901 S Michigan Ave APT 1708, Chicago, IL 60616 ",,,
6750000.0," 2550 N Lakeview Ave UNIT S3802, Chicago, IL 60614 ",3.0,4.0,4250.0
309000.0," 7944 S Hermitage Ave, Chicago, IL 60620 ",8.0,3.0,
235000.0," 300 N State St APT 4707, Chicago, IL 60654 ",1.0,,
299000.0," 2400 N Lakeview Ave APT 1705, Chicago, IL 60614 ",2.0,2.0,1350.0
415000.0," 55 W Erie St APT 1W, Chicago, IL 60654 ",3.0,2.0,1700.0
599000.0," 3736 N Janssen Ave #C, Chicago, IL 60613 ",3.0,3.0,1750.0
80000.0," 947 E Hyde Park Blvd #G, Chicago, IL 60615 ",2.0,1.0,1000.0
89000.0," 2544 E 109th St, Chicago, IL 60617 ",5.0,3.0,1300.0
335000.0," 645 N Kingsbury St APT 2206, Chicago, IL 60654 ",2.0,2.0,
350000.0," 520 S State St APT 1102, Chicago, IL 60605 ",2.0,2.0,1290.0
300000.0," 5700 S Laflin St, Chicago, IL 60636 ",7.0,4.0,
300000.0," 1101 N Crosby St #A, Chicago, IL 60610 ",2.0,2.0,1111.0
499999.0," 4036 N Central Park Ave, Chicago, IL 60618 ",4.0,3.0,2000.0
429900.0," 7545 N Octavia Ave, Chicago, IL 60631 ",3.0,2.0,1775.0
589900.0," 450 N Sangamon St #3, Chicago, IL 60642 ",3.0,2.0,1600.0
139900.0," 233 E Erie St APT 2310, Chicago, IL 60611 ",1.0,,
7990000.0," 199 E Lake Shore Dr #10-11E, Chicago, IL 60611 ",4.0,7.0,9672.0
909000.0," 2046 N Bingham St, Chicago, IL 60647 ",4.0,5.0,3500.0
399900.0," 1040 W Adams St UNIT 221, Chicago, IL 60607 ",2.0,2.0,1200.0
324000.0," 3200 N Lake Shore Dr APT 902, Chicago, IL 60657 ",2.0,2.0,1250.0
155000.0," 1308 W 107th St, Chicago, IL 60643 ",3.0,3.0,1580.0
395000.0," 3200 N Lake Shore Dr APT 605, Chicago, IL 60657 ",3.0,2.0,1800.0
259900.0," 1 E 8th St APT 807, Chicago, IL 60605 ",2.0,2.0,900.0
269900.0," 8 W Monroe St APT 1703, Chicago, IL 60603 ",2.0,2.0,1004.0
649000.0," 2734 W Washington Blvd, Chicago, IL 60612 ",3.0,3.0,2700.0
399000.0," 4950 S Chicago Beach Dr UNIT 3A, Chicago, IL 60615 ",4.0,4.0,4000.0
419000.0," 1777 W Altgeld St APT C, Chicago, IL 60614 ",2.0,2.0,
2499000.0," 1615 W North Ave, Chicago, IL 60622 ",5.0,6.0,1060.0
254900.0," 4150 W 81st St, Chicago, IL 60652 ",3.0,2.0,1024.0
425000.0," 1225 W Morse Ave APT 208, Chicago, IL 60626 ",3.0,2.0,1697.0
419000.0," 2131 N Clark St APT 3, Chicago, IL 60614 ",2.0,2.0,1200.0
660000.0," 1717 N Kimball Ave, Chicago, IL 60647 ",4.0,4.0,3868.0
219900.0," 3143 W 42nd Pl, Chicago, IL 60632 ",5.0,3.0,
1975000.0," 49 E Bellevue Pl, Chicago, IL 60611 ",3.0,4.0,3600.0
225000.0," 4855 W Lexington St, Chicago, IL 60644 ",4.0,3.0,1200.0
420000.0," 939 W Winona St #2E, Chicago, IL 60640 ",3.0,2.0,2100.0
217500.0," 565 W Quincy St UNIT 1211, Chicago, IL 60661 ",1.0,,
404999.0," 5619 S Nashville Ave, Chicago, IL 60638 ",4.0,2.0,2200.0
220000.0," 3930 N Pine Grove Ave APT 2415, Chicago, IL 60613 ",2.0,2.0,1075.0
519900.0," 260 E Chestnut St APT 2401, Chicago, IL 60611 ",3.0,2.0,1635.0
328900.0," 6233 W Berenice Ave, Chicago, IL 60634 ",4.0,3.0,1909.0
7999000.0," 1325 N Astor St #13, Chicago, IL 60610 ",6.0,6.0,7900.0
339000.0," 1620 S Michigan Ave UNIT 814, Chicago, IL 60616 ",2.0,2.0,1148.0
414900.0," 2621 W Chicago Ave APT 2, Chicago, IL 60622 ",3.0,2.0,
475000.0," 110 E Delaware Pl APT 1901, Chicago, IL 60611 ",3.0,4.0,2400.0
389900.0," 1427 N Bosworth Ave APT 2, Chicago, IL 60642 ",2.0,2.0,1250.0
319999.0," 1845 N California Ave #2, Chicago, IL 60647 ",3.0,2.0,1278.0
164990.0," 324 N Laramie Ave, Chicago, IL 60644 ",4.0,2.0,1200.0
375000.0," 3144 N Marmora Ave, Chicago, IL 60634 ",4.0,3.0,
199900.0," 1542 N Rockwell St #G, Chicago, IL 60622 ",2.0,1.0,900.0
249900.0," 2749 W Lake St, Chicago, IL 60612 ",3.0,2.0,1517.0
520000.0," 1803 S Peoria St, Chicago, IL 60608 ",4.0,3.0,1920.0
259000.0," 4117 S Albany Ave, Chicago, IL 60632 ",1.0,4.0,7.0
189000.0," 617 W Addison St #3, Chicago, IL 60657 ",2.0,2.0,1400.0
774000.0," 529 N Hermitage Ave #1N, Chicago, IL 60622 ",4.0,4.0,
829900.0," 10144 S Hoyne Ave, Chicago, IL 60643 ",4.0,4.0,3629.0
205050.0," 5334 S Kolin Ave, Chicago, IL 60632 ",3.0,1.0,1080.0
445000.0," 3652 N Damen Ave UNIT 2, Chicago, IL 60618 ",2.0,2.0,
430000.0," 3827 N Milwaukee Ave UNIT F, Chicago, IL 60641 ",3.0,3.0,2400.0
139900.0," 1 E Scott St APT 1912, Chicago, IL 60610 ",,,
324900.0," 6 N Michigan Ave UNIT 1010, Chicago, IL 60602 ",1.0,,
249000.0," 867 W Cornelia Ave #2, Chicago, IL 60657 ",2.0,1.0,800.0
649900.0," 1940 N Cleveland Ave APT 5, Chicago, IL 60614 ",2.0,2.0,1800.0
439900.0," 1448 N Western Ave APT 3A, Chicago, IL 60622 ",2.0,2.0,1300.0
174900.0," 8632 S University Ave, Chicago, IL 60619 ",4.0,2.0,1176.0
